Abbreviation,TeamName,ClassifiedPosition,Race,Year
NOR,McLaren,1,Monaco,2025
LEC,Ferrari,2,Monaco,2025
PIA,McLaren,3,Monaco,2025
VER,Red Bull Racing,4,Monaco,2025
HAM,Ferrari,5,Monaco,2025
HAD,Racing Bulls,6,Monaco,2025
OCO,Haas F1 Team,7,Monaco,2025
LAW,Racing Bulls,8,Monaco,2025
ALB,Williams,9,Monaco,2025
SAI,Williams,10,Monaco,2025
PIA,McLaren,1,Miami,2025
NOR,McLaren,2,Miami,2025
RUS,Mercedes,3,Miami,2025
VER,Red Bull Racing,4,Miami,2025
ALB,Williams,5,Miami,2025
ANT,Mercedes,6,Miami,2025
LEC,Ferrari,7,Miami,2025
HAM,Ferrari,8,Miami,2025
SAI,Williams,9,Miami,2025
TSU,Red Bull Racing,10,Miami,2025
VER,Red Bull Racing,1,Las Vegas,2025
RUS,Mercedes,2,Las Vegas,2025
ANT,Mercedes,3,Las Vegas,2025
LEC,Ferrari,4,Las Vegas,2025
SAI,Williams,5,Las Vegas,2025
HAD,Racing Bulls,6,Las Vegas,2025
HUL,Kick Sauber,7,Las Vegas,2025
HAM,Ferrari,8,Las Vegas,2025
OCO,Haas F1 Team,9,Las Vegas,2025
BEA,Haas F1 Team,10,Las Vegas,2025
